{"cameraMode":{"drawMode":0,"name":"Shaded","section":"Shading Mode"},"sceneLighting":true,"audioPlay":false,"sceneViewState":{"m_AlwaysRefresh":false,"showFog":true,"showSkybox":true,"showFlares":true,"showImageEffects":true,"showParticleSystems":true,"showVisualEffectGraphs":true,"m_FxEnabled":true},"in2DMode":false,"pivot":{"x":2.9674746990203859,"y":10.16081428527832,"z":-9.17364501953125},"rotation":{"x":0.010490183718502522,"y":-0.042882632464170459,"z":0.00045053090434521437,"w":0.9990276098251343},"size":4.166025161743164,"orthographic":false}